time_s,nodeId,x,y,z
1,0,0.239842,0.338262,0.0483995
1,1,1.58068,1.20112,-0.0513376
1,2,1.70677,-0.647315,0.300214
1,3,2.54462,0.464921,0.0612723
1,4,-2.86857,3.21147,-0.48055
1,5,1.32197,2.97684,2.67708
1,6,0.757836,2.18934,-0.499545
1,7,4.9189,-0.383375,2.26016
1,8,8.50979,-0.680956,-0.165803
1,9,5.97753,0.84637,-0.868759
1,10,1.25751,1.52487,1.19716
1,11,-4.04132,3.96631,0.0760282
1,12,1.61849,1.838,0.696286
1,13,-2.41906,1.24614,-0.397475
1,14,3.61701,2.56292,1.39627
