time_s,nodeId,x,y,z
1,0,0.408077,0.132157,0.139545
1,1,2.40327,0.420739,0.33044
1,2,2.00312,0.013487,-0.0591199
1,3,3.73354,1.16521,-0.0513618
1,4,5.01761,0.701533,0.149179
1,5,4.99014,2.25177,7.91424
1,6,6.12014,0.728388,0.150387
1,7,6.98234,-1.21974,0.0583209
1,8,9.83175,-1.35714,1.51766
1,9,0.150319,0.274884,0.589968
1,10,0.362214,0.445027,4.28052
1,11,0.626707,2.9415,3.57888
1,12,2.01222,1.22762,2.35724
1,13,2.9889,1.2244,0.102923
1,14,0.069462,4.29374,18.9977
