time_s,nodeId,x,y,z
1,0,0.7761,0.151401,0.139545
1,1,4.23449,1.7307,21.7314
1,2,2.02932,-0.282914,7.92323
1,3,3.38282,-0.0894877,8.31428
1,4,0.977525,-0.0735024,3.61578
1,5,6.70344,-0.744802,17.7681
1,6,5.33937,0.168448,10.5416
1,7,6.17008,-0.195829,6.33808
1,8,7.60215,0.232176,9.95869
1,9,-1.56441,1.36966,6.75934
1,10,0.414049,0.530952,10.1587
1,11,3.47183,3.38949,34.8299
1,12,1.92906,1.27797,6.2423
1,13,2.70165,0.162734,6.47806
1,14,-0.942806,0.109273,6.22541
